setting_id,author_id,author_year,updated_at,note_format,privacy_default,mood_tracking,weather_tracking
1,1,1999,2025-05-28 15:19:31.787378,백지 형식,공개,True,True
2,2,1993,2025-05-21 01:43:58.641064,격자 형식,비공개,True,True
3,3,1981,2025-05-07 07:21:04.809781,백지 형식,공개,True,True
4,4,1996,2025-05-20 10:59:16.954260,줄글 형식,친구만,True,True
5,5,2003,2025-05-19 15:51:35.169543,백지 형식,공개,True,False
6,6,1985,2025-06-02 04:31:41.502916,격자 형식,친구만,True,False
7,7,1994,2025-05-29 15:32:39.778431,백지 형식,친구만,True,True
8,8,1985,2025-05-19 17:26:25.872702,백지 형식,친구만,True,True
9,9,1996,2025-05-11 22:47:53.587610,격자 형식,친구만,False,False
10,10,2001,2025-05-25 12:45:26.466558,백지 형식,비공개,True,False
11,11,1993,2025-05-09 16:01:57.911285,격자 형식,공개,True,True
12,12,2005,2025-05-06 16:13:46.123773,백지 형식,친구만,True,True
13,13,1990,2025-05-31 20:56:49.596233,격자 형식,친구만,True,False
14,14,1985,2025-05-26 23:21:07.054845,백지 형식,공개,True,False
15,15,1997,2025-05-22 14:02:42.170760,줄글 형식,비공개,False,True
16,16,1992,2025-05-12 18:50:29.806667,백지 형식,친구만,True,True
17,17,1981,2025-05-25 23:08:52.307332,줄글 형식,공개,False,False
18,18,1985,2025-05-13 10:14:50.439899,격자 형식,비공개,True,True
19,19,1997,2025-05-26 01:09:28.817069,줄글 형식,친구만,True,True
20,20,1999,2025-05-25 21:31:09.254627,백지 형식,비공개,True,False
21,21,1984,2025-05-25 15:36:14.881035,줄글 형식,비공개,False,True
22,22,1997,2025-05-09 17:00:30.076729,격자 형식,친구만,False,True
23,23,2005,2025-05-31 01:29:25.888100,줄글 형식,비공개,True,True
24,24,1986,2025-05-22 22:05:57.872981,줄글 형식,비공개,True,True
25,25,1992,2025-06-01 13:26:54.061767,격자 형식,공개,True,True
26,26,1981,2025-05-14 18:46:41.994565,격자 형식,공개,True,True
27,27,1984,2025-05-10 14:54:54.424545,격자 형식,친구만,True,False
28,28,1980,2025-05-15 02:29:27.964964,줄글 형식,비공개,True,True
29,29,1984,2025-05-12 01:33:51.693157,격자 형식,비공개,True,True
30,30,2000,2025-05-21 05:29:18.997099,격자 형식,공개,True,True
31,31,1997,2025-05-08 04:10:11.158040,격자 형식,공개,False,True
32,32,2003,2025-05-21 09:00:15.742291,격자 형식,친구만,True,True
33,33,2000,2025-05-21 21:01:04.183262,줄글 형식,친구만,True,True
34,34,1993,2025-05-26 20:24:37.741250,백지 형식,친구만,True,True
35,35,1996,2025-05-23 16:07:23.611755,백지 형식,친구만,False,True
36,36,1984,2025-05-23 01:44:47.197367,백지 형식,공개,True,True
37,37,1988,2025-05-28 23:45:25.482938,격자 형식,친구만,False,False
38,38,1991,2025-05-08 19:01:55.205844,백지 형식,공개,False,True
39,39,1985,2025-05-16 23:15:03.472019,백지 형식,공개,True,False
40,40,2002,2025-05-31 02:15:25.127019,줄글 형식,공개,True,True
41,41,2003,2025-05-05 22:52:03.476301,격자 형식,친구만,True,True
42,42,2003,2025-05-22 20:09:15.547734,격자 형식,친구만,True,True
43,43,1989,2025-05-08 10:51:51.041212,격자 형식,공개,True,False
44,44,2001,2025-05-25 11:09:42.991295,격자 형식,비공개,False,True
45,45,2005,2025-05-30 20:55:10.167882,백지 형식,비공개,True,True
46,46,1996,2025-05-10 00:06:24.224845,격자 형식,비공개,False,False
47,47,2005,2025-05-15 09:40:20.647753,백지 형식,친구만,True,False
48,48,1986,2025-05-13 07:06:08.498155,백지 형식,친구만,True,True
49,49,1980,2025-05-18 21:31:19.107169,격자 형식,공개,False,True
50,50,1988,2025-05-04 19:06:09.901263,백지 형식,비공개,True,True
51,51,1980,2025-05-17 02:47:38.230119,격자 형식,친구만,True,False
52,52,1985,2025-05-23 03:20:47.884104,백지 형식,공개,False,True
53,53,1996,2025-05-31 03:48:59.760458,백지 형식,친구만,True,True
54,54,1986,2025-05-24 22:54:43.129234,격자 형식,공개,True,True
55,55,1998,2025-05-30 06:52:04.839131,줄글 형식,비공개,True,True
56,56,1989,2025-05-06 03:25:15.844386,줄글 형식,비공개,False,True
57,57,1980,2025-06-01 11:18:58.560696,격자 형식,비공개,True,True
58,58,1996,2025-05-13 05:02:17.418800,줄글 형식,친구만,False,True
59,59,1982,2025-05-22 20:33:48.680548,격자 형식,비공개,True,True
60,60,1983,2025-05-03 19:05:32.696245,격자 형식,친구만,False,False
61,61,2002,2025-05-24 13:45:59.054961,줄글 형식,공개,False,True
62,62,1992,2025-05-27 19:30:43.458492,백지 형식,비공개,False,True
63,63,1984,2025-05-15 13:43:18.359576,줄글 형식,공개,False,True
64,64,1981,2025-05-15 13:06:46.473320,줄글 형식,비공개,True,False
65,65,2003,2025-05-07 02:52:23.051073,백지 형식,친구만,True,False
66,66,1990,2025-05-16 01:04:33.997102,격자 형식,공개,True,True
67,67,1999,2025-05-13 03:35:41.498203,백지 형식,비공개,False,True
68,68,2003,2025-05-08 07:40:41.188418,백지 형식,공개,False,True
69,69,1993,2025-05-07 19:42:45.859953,백지 형식,공개,True,False
70,70,1987,2025-05-08 20:45:54.817958,백지 형식,친구만,True,True
71,71,1990,2025-05-05 20:56:26.920353,줄글 형식,공개,True,True
72,72,1999,2025-05-10 02:22:04.201994,백지 형식,친구만,True,False
73,73,1990,2025-05-22 22:37:49.869543,백지 형식,친구만,True,True
74,74,1988,2025-05-12 02:45:41.759698,백지 형식,공개,True,True
75,75,2000,2025-05-05 18:05:20.937314,백지 형식,공개,True,True
76,76,1989,2025-05-10 16:29:40.987216,격자 형식,공개,False,True
77,77,1998,2025-05-23 09:51:25.003963,격자 형식,비공개,False,True
78,78,1996,2025-05-07 11:40:36.026394,줄글 형식,비공개,False,True
79,79,1983,2025-05-05 05:43:14.969154,백지 형식,비공개,True,True
80,80,1998,2025-05-05 00:50:19.623463,격자 형식,공개,True,True
